service	compose_files	ports	volumes	healthcheck	chain_dependencies	db_env	metrics_env
agent-registry	docker-compose.agents.yml	7701->7701/tcp	1	no	none	none	none
ai-clock-sync	infra/docker/compose/docker-compose.services.yml,infra/docker/compose/docker-compose.ai.yml,services/docker-compose.legacy.yml,services/ai-clock-sync/docker-compose.yml	7690->7690/tcp	3	yes	CLOCK_SYNC_RPC_L1,CLOCK_SYNC_RPC_L2,CLOCK_SYNC_RPC_L3	none	METRICS_PATH
ai-monitor	docker-compose.phase3.yml,infra/docker/compose/docker-compose.services.yml,infra/docker/compose/docker-compose.ai.yml	7575->7575/tcp	1	yes	RPC_L2	none	OP_BATCHER_METRICS_URL,OP_PROPOSER_METRICS_URL
ai-monitor-l1	services/ai-monitor/docker-compose.yml	7576->7576/tcp	3	yes	CLOCK_SYNC_RPC_L1,CLOCK_SYNC_RPC_L2,CLOCK_SYNC_RPC_L3,L1_CHAIN_ID,MONITOR_RPC_L1,MONITOR_RPC_L2,MONITOR_RPC_L3,POLICY_REGISTRY_CHAIN_ID	AUTH_DB_PATH,GAS_ENGINE_DB_PASSWORD,NFT_DB_PATH,PIL_DB_PASSWORD	OP_BATCHER_METRICS_URL,OP_PROPOSER_METRICS_URL,PROM_URL
ai-monitor-l3	services/ai-monitor/docker-compose.yml	7577->7577/tcp	3	yes	CLOCK_SYNC_RPC_L1,CLOCK_SYNC_RPC_L2,CLOCK_SYNC_RPC_L3,L1_CHAIN_ID,MONITOR_RPC_L1,MONITOR_RPC_L2,MONITOR_RPC_L3,POLICY_REGISTRY_CHAIN_ID	AUTH_DB_PATH,GAS_ENGINE_DB_PASSWORD,NFT_DB_PATH,PIL_DB_PASSWORD	OP_BATCHER_METRICS_URL,OP_PROPOSER_METRICS_URL,PROM_URL
ai-vault	services/ai-vault/docker-compose.yml,services/docker-compose.legacy.yml	7710->7710/tcp	1	no	CLOCK_SYNC_RPC_L1,CLOCK_SYNC_RPC_L2,CLOCK_SYNC_RPC_L3,GOVERNANCE_RPC_L1,GOVERNANCE_RPC_L2,GOVERNANCE_RPC_L3,L1_CHAIN_ID,L3_PARENT_L2_RPC,MONITOR_RPC_L1,MONITOR_RPC_L2,MONITOR_RPC_L3	AUTH_DB_PATH,GAS_ENGINE_DB_PASSWORD,NFT_DB_PATH,PIL_DB_PASSWORD	GRAFANA_ENABLED,GRAFANA_URL,L3_CHALLENGER_METRICS_HOST_PORT,L3_GETH_METRICS_HOST_PORT,L3_METRICS_BATCHER_HOST_PORT,L3_METRICS_NODE_HOST_PORT,L3_METRICS_PROPOSER_HOST_PORT,PROMETHEUS_ENABLED,PROMETHEUS_URL,PROM_URL
ai-vault-dev	services/docker-compose.legacy.yml	8200->8200/tcp		no	none	none	none
alertmanager	observability/infra/docker-compose.yml,infra/opstack/docker-compose.yml,infra/docker/compose/docker-compose.obs.yml	9093->9093/tcp	2	yes	none	none	none
alerts-service	infra/docker/compose/docker-compose.services.yml,services/alerts-service/docker-compose.yml,services/docker-compose.legacy.yml	7644->7644/tcp	3	yes	CLOCK_SYNC_RPC_L1,CLOCK_SYNC_RPC_L2,CLOCK_SYNC_RPC_L3,L1_CHAIN_ID,MONITOR_RPC_L1,MONITOR_RPC_L2,MONITOR_RPC_L3,GOVERNANCE_RPC_L1,GOVERNANCE_RPC_L2,GOVERNANCE_RPC_L3,L3_PARENT_L2_RPC	AUTH_DB_PATH,GAS_ENGINE_DB_PASSWORD,NFT_DB_PATH,PIL_DB_PASSWORD	PROM_URL,GRAFANA_ENABLED,GRAFANA_URL,L3_CHALLENGER_METRICS_HOST_PORT,L3_GETH_METRICS_HOST_PORT,L3_METRICS_BATCHER_HOST_PORT,L3_METRICS_NODE_HOST_PORT,L3_METRICS_PROPOSER_HOST_PORT,PROMETHEUS_ENABLED,PROMETHEUS_URL
anomaly-detection-service	infra/docker/compose/docker-compose.services.yml,infra/docker/compose/docker-compose.ai.yml,services/docker-compose.legacy.yml,services/anomaly-detection-service/docker-compose.yml	7616->7616/tcp	3	yes	CLOCK_SYNC_RPC_L1,CLOCK_SYNC_RPC_L2,CLOCK_SYNC_RPC_L3,GOVERNANCE_RPC_L1,GOVERNANCE_RPC_L2,GOVERNANCE_RPC_L3,L1_CHAIN_ID,L3_PARENT_L2_RPC,MONITOR_RPC_L1,MONITOR_RPC_L2,MONITOR_RPC_L3	AUTH_DB_PATH,GAS_ENGINE_DB_PASSWORD,NFT_DB_PATH,PIL_DB_PASSWORD	PROM_URL,GRAFANA_ENABLED,GRAFANA_URL,L3_CHALLENGER_METRICS_HOST_PORT,L3_GETH_METRICS_HOST_PORT,L3_METRICS_BATCHER_HOST_PORT,L3_METRICS_NODE_HOST_PORT,L3_METRICS_PROPOSER_HOST_PORT,PROMETHEUS_ENABLED,PROMETHEUS_URL
audit-log-service	infra/docker/compose/docker-compose.services.yml,services/audit-log-service/docker-compose.yml,services/docker-compose.legacy.yml	7641->7641/tcp	3	yes	CLOCK_SYNC_RPC_L1,CLOCK_SYNC_RPC_L2,CLOCK_SYNC_RPC_L3,L1_CHAIN_ID,MONITOR_RPC_L1,MONITOR_RPC_L2,MONITOR_RPC_L3,GOVERNANCE_RPC_L1,GOVERNANCE_RPC_L2,GOVERNANCE_RPC_L3,L3_PARENT_L2_RPC	AUTH_DB_PATH,GAS_ENGINE_DB_PASSWORD,NFT_DB_PATH,PIL_DB_PASSWORD	PROM_URL,GRAFANA_ENABLED,GRAFANA_URL,L3_CHALLENGER_METRICS_HOST_PORT,L3_GETH_METRICS_HOST_PORT,L3_METRICS_BATCHER_HOST_PORT,L3_METRICS_NODE_HOST_PORT,L3_METRICS_PROPOSER_HOST_PORT,PROMETHEUS_ENABLED,PROMETHEUS_URL
auditor-agent	docker-compose.agents.yml	none		no	none	none	none
auth-service	infra/docker/compose/docker-compose.services.yml,services/docker-compose.legacy.yml,services/auth-service/docker-compose.yml	7639->7639/tcp	3	yes	CLOCK_SYNC_RPC_L1,CLOCK_SYNC_RPC_L2,CLOCK_SYNC_RPC_L3,GOVERNANCE_RPC_L1,GOVERNANCE_RPC_L2,GOVERNANCE_RPC_L3,L1_CHAIN_ID,L3_PARENT_L2_RPC,MONITOR_RPC_L1,MONITOR_RPC_L2,MONITOR_RPC_L3	AUTH_DB_PATH,GAS_ENGINE_DB_PASSWORD,NFT_DB_PATH,PIL_DB_PASSWORD	GRAFANA_ENABLED,GRAFANA_URL,L3_CHALLENGER_METRICS_HOST_PORT,L3_GETH_METRICS_HOST_PORT,L3_METRICS_BATCHER_HOST_PORT,L3_METRICS_NODE_HOST_PORT,L3_METRICS_PROPOSER_HOST_PORT,PROMETHEUS_ENABLED,PROMETHEUS_URL,PROM_URL
block-index-service	infra/docker/compose/docker-compose.services.yml,services/block-index-service/docker-compose.yml,services/docker-compose.legacy.yml	7626->7626/tcp	3	yes	CLOCK_SYNC_RPC_L1,CLOCK_SYNC_RPC_L2,CLOCK_SYNC_RPC_L3,L1_CHAIN_ID,MONITOR_RPC_L1,MONITOR_RPC_L2,MONITOR_RPC_L3,GOVERNANCE_RPC_L1,GOVERNANCE_RPC_L2,GOVERNANCE_RPC_L3,L3_PARENT_L2_RPC	AUTH_DB_PATH,GAS_ENGINE_DB_PASSWORD,NFT_DB_PATH,PIL_DB_PASSWORD	PROM_URL,GRAFANA_ENABLED,GRAFANA_URL,L3_CHALLENGER_METRICS_HOST_PORT,L3_GETH_METRICS_HOST_PORT,L3_METRICS_BATCHER_HOST_PORT,L3_METRICS_NODE_HOST_PORT,L3_METRICS_PROPOSER_HOST_PORT,PROMETHEUS_ENABLED,PROMETHEUS_URL
bridge-service	docker-compose.phase3.yml,infra/docker/compose/docker-compose.services.yml,services/docker-compose.legacy.yml,services/bridge-service/docker-compose.yml	7604->7604/tcp	3	yes	CLOCK_SYNC_RPC_L1,CLOCK_SYNC_RPC_L2,CLOCK_SYNC_RPC_L3,GOVERNANCE_RPC_L1,GOVERNANCE_RPC_L2,GOVERNANCE_RPC_L3,L1_CHAIN_ID,L3_PARENT_L2_RPC,MONITOR_RPC_L1,MONITOR_RPC_L2,MONITOR_RPC_L3	AUTH_DB_PATH,GAS_ENGINE_DB_PASSWORD,NFT_DB_PATH,PIL_DB_PASSWORD	PROM_URL,GRAFANA_ENABLED,GRAFANA_URL,L3_CHALLENGER_METRICS_HOST_PORT,L3_GETH_METRICS_HOST_PORT,L3_METRICS_BATCHER_HOST_PORT,L3_METRICS_NODE_HOST_PORT,L3_METRICS_PROPOSER_HOST_PORT,PROMETHEUS_ENABLED,PROMETHEUS_URL
chain-status-service	infra/docker/compose/docker-compose.services.yml,services/chain-status-service/docker-compose.yml,services/docker-compose.legacy.yml	7612->7612/tcp	3	yes	RPC_L2,RPC_L3,CLOCK_SYNC_RPC_L1,CLOCK_SYNC_RPC_L2,CLOCK_SYNC_RPC_L3,L1_CHAIN_ID,MONITOR_RPC_L1,MONITOR_RPC_L2,MONITOR_RPC_L3,GOVERNANCE_RPC_L1,GOVERNANCE_RPC_L2,GOVERNANCE_RPC_L3,L3_PARENT_L2_RPC	AUTH_DB_PATH,GAS_ENGINE_DB_PASSWORD,NFT_DB_PATH,PIL_DB_PASSWORD	PROM_URL,GRAFANA_ENABLED,GRAFANA_URL,L3_CHALLENGER_METRICS_HOST_PORT,L3_GETH_METRICS_HOST_PORT,L3_METRICS_BATCHER_HOST_PORT,L3_METRICS_NODE_HOST_PORT,L3_METRICS_PROPOSER_HOST_PORT,PROMETHEUS_ENABLED,PROMETHEUS_URL
coder-agent	docker-compose.agents.yml	none		no	none	none	none
command-palette-service	infra/docker/compose/docker-compose.services.yml,services/docker-compose.legacy.yml,services/command-palette-service/docker-compose.yml	7642->7642/tcp	3	yes	CLOCK_SYNC_RPC_L1,CLOCK_SYNC_RPC_L2,CLOCK_SYNC_RPC_L3,GOVERNANCE_RPC_L1,GOVERNANCE_RPC_L2,GOVERNANCE_RPC_L3,L1_CHAIN_ID,L3_PARENT_L2_RPC,MONITOR_RPC_L1,MONITOR_RPC_L2,MONITOR_RPC_L3	AUTH_DB_PATH,GAS_ENGINE_DB_PASSWORD,NFT_DB_PATH,PIL_DB_PASSWORD	GRAFANA_ENABLED,GRAFANA_URL,L3_CHALLENGER_METRICS_HOST_PORT,L3_GETH_METRICS_HOST_PORT,L3_METRICS_BATCHER_HOST_PORT,L3_METRICS_NODE_HOST_PORT,L3_METRICS_PROPOSER_HOST_PORT,PROMETHEUS_ENABLED,PROMETHEUS_URL,PROM_URL
compliance-export-service	infra/docker/compose/docker-compose.services.yml,services/compliance-export-service/docker-compose.yml,services/docker-compose.legacy.yml	7621->7621/tcp	3	yes	CLOCK_SYNC_RPC_L1,CLOCK_SYNC_RPC_L2,CLOCK_SYNC_RPC_L3,L1_CHAIN_ID,MONITOR_RPC_L1,MONITOR_RPC_L2,MONITOR_RPC_L3,GOVERNANCE_RPC_L1,GOVERNANCE_RPC_L2,GOVERNANCE_RPC_L3,L3_PARENT_L2_RPC	AUTH_DB_PATH,GAS_ENGINE_DB_PASSWORD,NFT_DB_PATH,PIL_DB_PASSWORD	PROM_URL,GRAFANA_ENABLED,GRAFANA_URL,L3_CHALLENGER_METRICS_HOST_PORT,L3_GETH_METRICS_HOST_PORT,L3_METRICS_BATCHER_HOST_PORT,L3_METRICS_NODE_HOST_PORT,L3_METRICS_PROPOSER_HOST_PORT,PROMETHEUS_ENABLED,PROMETHEUS_URL
consensus-telemetry-service	docker-compose.autonomy.yml,infra/docker/compose/docker-compose.services.yml,services/docker-compose.legacy.yml,services/consensus-telemetry-service/docker-compose.yml	17635->7635/tcp	3	yes	OP_NODE_L2_RPC,OP_NODE_L3_RPC,RPC_L1,RPC_L2,RPC_L3,CLOCK_SYNC_RPC_L1,CLOCK_SYNC_RPC_L2,CLOCK_SYNC_RPC_L3,GOVERNANCE_RPC_L1,GOVERNANCE_RPC_L2,GOVERNANCE_RPC_L3,L1_CHAIN_ID,L3_PARENT_L2_RPC,MONITOR_RPC_L1,MONITOR_RPC_L2,MONITOR_RPC_L3	AUTH_DB_PATH,GAS_ENGINE_DB_PASSWORD,NFT_DB_PATH,PIL_DB_PASSWORD	GRAFANA_ENABLED,GRAFANA_URL,L3_CHALLENGER_METRICS_HOST_PORT,L3_GETH_METRICS_HOST_PORT,L3_METRICS_BATCHER_HOST_PORT,L3_METRICS_NODE_HOST_PORT,L3_METRICS_PROPOSER_HOST_PORT,PROMETHEUS_ENABLED,PROMETHEUS_URL,PROM_URL,METRICS_ENABLED,METRICS_PATH
contract-registry-service	infra/docker/compose/docker-compose.services.yml,services/docker-compose.legacy.yml,services/contract-registry-service/docker-compose.yml	7608->7608/tcp	3	yes	RPC_L2,RPC_L3,CLOCK_SYNC_RPC_L1,CLOCK_SYNC_RPC_L2,CLOCK_SYNC_RPC_L3,GOVERNANCE_RPC_L1,GOVERNANCE_RPC_L2,GOVERNANCE_RPC_L3,L1_CHAIN_ID,L3_PARENT_L2_RPC,MONITOR_RPC_L1,MONITOR_RPC_L2,MONITOR_RPC_L3	AUTH_DB_PATH,GAS_ENGINE_DB_PASSWORD,NFT_DB_PATH,PIL_DB_PASSWORD	PROM_URL,GRAFANA_ENABLED,GRAFANA_URL,L3_CHALLENGER_METRICS_HOST_PORT,L3_GETH_METRICS_HOST_PORT,L3_METRICS_BATCHER_HOST_PORT,L3_METRICS_NODE_HOST_PORT,L3_METRICS_PROPOSER_HOST_PORT,PROMETHEUS_ENABLED,PROMETHEUS_URL
contract-risk-service	infra/docker/compose/docker-compose.services.yml,services/contract-risk-service/docker-compose.yml,services/docker-compose.legacy.yml	7609->7609/tcp	3	yes	CLOCK_SYNC_RPC_L1,CLOCK_SYNC_RPC_L2,CLOCK_SYNC_RPC_L3,L1_CHAIN_ID,MONITOR_RPC_L1,MONITOR_RPC_L2,MONITOR_RPC_L3,GOVERNANCE_RPC_L1,GOVERNANCE_RPC_L2,GOVERNANCE_RPC_L3,L3_PARENT_L2_RPC	AUTH_DB_PATH,GAS_ENGINE_DB_PASSWORD,NFT_DB_PATH,PIL_DB_PASSWORD	PROM_URL,GRAFANA_ENABLED,GRAFANA_URL,L3_CHALLENGER_METRICS_HOST_PORT,L3_GETH_METRICS_HOST_PORT,L3_METRICS_BATCHER_HOST_PORT,L3_METRICS_NODE_HOST_PORT,L3_METRICS_PROPOSER_HOST_PORT,PROMETHEUS_ENABLED,PROMETHEUS_URL
core-service	core-service/docker-compose.yml,infra/docker/compose/docker-compose.services.yml	8080->8080/tcp		yes	none	none	none
dispute-service	infra/docker/compose/docker-compose.services.yml,services/docker-compose.legacy.yml,services/dispute-service/docker-compose.yml	7607->7607/tcp	3	yes	CLOCK_SYNC_RPC_L1,CLOCK_SYNC_RPC_L2,CLOCK_SYNC_RPC_L3,GOVERNANCE_RPC_L1,GOVERNANCE_RPC_L2,GOVERNANCE_RPC_L3,L1_CHAIN_ID,L3_PARENT_L2_RPC,MONITOR_RPC_L1,MONITOR_RPC_L2,MONITOR_RPC_L3	AUTH_DB_PATH,GAS_ENGINE_DB_PASSWORD,NFT_DB_PATH,PIL_DB_PASSWORD	PROM_URL,GRAFANA_ENABLED,GRAFANA_URL,L3_CHALLENGER_METRICS_HOST_PORT,L3_GETH_METRICS_HOST_PORT,L3_METRICS_BATCHER_HOST_PORT,L3_METRICS_NODE_HOST_PORT,L3_METRICS_PROPOSER_HOST_PORT,PROMETHEUS_ENABLED,PROMETHEUS_URL
docker-socket-proxy	tools/ghostcontrol/infra/compose/docker-compose.yml	none	1	no	none	none	none
docs-agent	docker-compose.agents.yml	none		no	none	none	none
entity-tagging-service	infra/docker/compose/docker-compose.services.yml,services/entity-tagging-service/docker-compose.yml,services/docker-compose.legacy.yml	7627->7627/tcp	3	yes	CLOCK_SYNC_RPC_L1,CLOCK_SYNC_RPC_L2,CLOCK_SYNC_RPC_L3,L1_CHAIN_ID,MONITOR_RPC_L1,MONITOR_RPC_L2,MONITOR_RPC_L3,GOVERNANCE_RPC_L1,GOVERNANCE_RPC_L2,GOVERNANCE_RPC_L3,L3_PARENT_L2_RPC	AUTH_DB_PATH,GAS_ENGINE_DB_PASSWORD,NFT_DB_PATH,PIL_DB_PASSWORD	PROM_URL,GRAFANA_ENABLED,GRAFANA_URL,L3_CHALLENGER_METRICS_HOST_PORT,L3_GETH_METRICS_HOST_PORT,L3_METRICS_BATCHER_HOST_PORT,L3_METRICS_NODE_HOST_PORT,L3_METRICS_PROPOSER_HOST_PORT,PROMETHEUS_ENABLED,PROMETHEUS_URL
evidence-service	docker-compose.agents.yml	17641->7641/tcp	1	no	none	none	none
explainability-service	infra/docker/compose/docker-compose.services.yml,infra/docker/compose/docker-compose.ai.yml,services/explainability-service/docker-compose.yml,services/docker-compose.legacy.yml	7632->7632/tcp	3	yes	CLOCK_SYNC_RPC_L1,CLOCK_SYNC_RPC_L2,CLOCK_SYNC_RPC_L3,L1_CHAIN_ID,MONITOR_RPC_L1,MONITOR_RPC_L2,MONITOR_RPC_L3,GOVERNANCE_RPC_L1,GOVERNANCE_RPC_L2,GOVERNANCE_RPC_L3,L3_PARENT_L2_RPC	AUTH_DB_PATH,GAS_ENGINE_DB_PASSWORD,NFT_DB_PATH,PIL_DB_PASSWORD	PROM_URL,GRAFANA_ENABLED,GRAFANA_URL,L3_CHALLENGER_METRICS_HOST_PORT,L3_GETH_METRICS_HOST_PORT,L3_METRICS_BATCHER_HOST_PORT,L3_METRICS_NODE_HOST_PORT,L3_METRICS_PROPOSER_HOST_PORT,PROMETHEUS_ENABLED,PROMETHEUS_URL
external-evm	infra/docker/liquidity-gravity/docker-compose.yml	38545->8545/tcp		yes	none	none	none
feature-flags-service	infra/docker/compose/docker-compose.services.yml,services/feature-flags-service/docker-compose.yml,services/docker-compose.legacy.yml	7611->7611/tcp	3	yes	CLOCK_SYNC_RPC_L1,CLOCK_SYNC_RPC_L2,CLOCK_SYNC_RPC_L3,L1_CHAIN_ID,MONITOR_RPC_L1,MONITOR_RPC_L2,MONITOR_RPC_L3,GOVERNANCE_RPC_L1,GOVERNANCE_RPC_L2,GOVERNANCE_RPC_L3,L3_PARENT_L2_RPC	AUTH_DB_PATH,GAS_ENGINE_DB_PASSWORD,NFT_DB_PATH,PIL_DB_PASSWORD	PROM_URL,GRAFANA_ENABLED,GRAFANA_URL,L3_CHALLENGER_METRICS_HOST_PORT,L3_GETH_METRICS_HOST_PORT,L3_METRICS_BATCHER_HOST_PORT,L3_METRICS_NODE_HOST_PORT,L3_METRICS_PROPOSER_HOST_PORT,PROMETHEUS_ENABLED,PROMETHEUS_URL
fee-model-service	infra/docker/compose/docker-compose.services.yml,services/docker-compose.legacy.yml,services/fee-model-service/docker-compose.yml	7615->7615/tcp	3	yes	CLOCK_SYNC_RPC_L1,CLOCK_SYNC_RPC_L2,CLOCK_SYNC_RPC_L3,GOVERNANCE_RPC_L1,GOVERNANCE_RPC_L2,GOVERNANCE_RPC_L3,L1_CHAIN_ID,L3_PARENT_L2_RPC,MONITOR_RPC_L1,MONITOR_RPC_L2,MONITOR_RPC_L3	AUTH_DB_PATH,GAS_ENGINE_DB_PASSWORD,NFT_DB_PATH,PIL_DB_PASSWORD	PROM_URL,GRAFANA_ENABLED,GRAFANA_URL,L3_CHALLENGER_METRICS_HOST_PORT,L3_GETH_METRICS_HOST_PORT,L3_METRICS_BATCHER_HOST_PORT,L3_METRICS_NODE_HOST_PORT,L3_METRICS_PROPOSER_HOST_PORT,PROMETHEUS_ENABLED,PROMETHEUS_URL
forecasting-service	infra/docker/compose/docker-compose.services.yml,infra/docker/compose/docker-compose.ai.yml,services/docker-compose.legacy.yml,services/forecasting-service/docker-compose.yml	7617->7617/tcp	3	yes	CLOCK_SYNC_RPC_L1,CLOCK_SYNC_RPC_L2,CLOCK_SYNC_RPC_L3,GOVERNANCE_RPC_L1,GOVERNANCE_RPC_L2,GOVERNANCE_RPC_L3,L1_CHAIN_ID,L3_PARENT_L2_RPC,MONITOR_RPC_L1,MONITOR_RPC_L2,MONITOR_RPC_L3	AUTH_DB_PATH,GAS_ENGINE_DB_PASSWORD,NFT_DB_PATH,PIL_DB_PASSWORD	PROM_URL,GRAFANA_ENABLED,GRAFANA_URL,L3_CHALLENGER_METRICS_HOST_PORT,L3_GETH_METRICS_HOST_PORT,L3_METRICS_BATCHER_HOST_PORT,L3_METRICS_NODE_HOST_PORT,L3_METRICS_PROPOSER_HOST_PORT,PROMETHEUS_ENABLED,PROMETHEUS_URL
gas-engine-migrate	services/docker-compose.legacy.yml,services/gas-engine-migrate/docker-compose.yml	none	4	yes	RPC_L1,RPC_L2,RPC_L3	DATABASE_URL,REDIS_URL	none
gas-engine-postgres	services/gas-engine-postgres/docker-compose.yml,services/docker-compose.legacy.yml	5433->5432/tcp	3	yes	none	POSTGRES_DB,POSTGRES_PASSWORD,POSTGRES_USER	none
gas-engine-redis	services/gas-engine-redis/docker-compose.yml,services/docker-compose.legacy.yml	6381->6379/tcp	3	yes	none	none	none
ghost-ai-attestor	infra/docker/compose/docker-compose.ai.yml,services/ghost-ai-attestor/docker-compose.yml	3310->3310/tcp	3	yes	RPC_L1,RPC_L2,RPC_L3	none	none
ghost-compliance	apps/docker-compose.yml,infra/docker/compose/docker-compose.services.yml,services/ghost-compliance/docker-compose.yml	8090->8090/tcp	3	yes	none	DATABASE_URL,REDIS_URL	none
ghost-compliance-worker	apps/docker-compose.yml,infra/docker/compose/docker-compose.services.yml,services/ghost-compliance-worker/docker-compose.yml	none	3	yes	none	DATABASE_URL,REDIS_URL	none
ghost-gas-engine	services/docker-compose.legacy.yml,services/ghost-gas-engine/docker-compose.yml	3210->3210/tcp	3	yes	CLOCK_SYNC_RPC_L1,CLOCK_SYNC_RPC_L2,CLOCK_SYNC_RPC_L3,GOVERNANCE_RPC_L1,GOVERNANCE_RPC_L2,GOVERNANCE_RPC_L3,L1_CHAIN_ID,L3_PARENT_L2_RPC,MONITOR_RPC_L1,MONITOR_RPC_L2,MONITOR_RPC_L3	AUTH_DB_PATH,DATABASE_URL,GAS_ENGINE_DB_PASSWORD,NFT_DB_PATH,PIL_DB_PASSWORD,REDIS_URL	GRAFANA_ENABLED,GRAFANA_URL,L3_CHALLENGER_METRICS_HOST_PORT,L3_GETH_METRICS_HOST_PORT,L3_METRICS_BATCHER_HOST_PORT,L3_METRICS_NODE_HOST_PORT,L3_METRICS_PROPOSER_HOST_PORT,PROMETHEUS_ENABLED,PROMETHEUS_URL,PROM_URL
ghost-gas-engine-worker	services/docker-compose.legacy.yml,services/ghost-gas-engine-worker/docker-compose.yml	none	3	yes	CLOCK_SYNC_RPC_L1,CLOCK_SYNC_RPC_L2,CLOCK_SYNC_RPC_L3,GOVERNANCE_RPC_L1,GOVERNANCE_RPC_L2,GOVERNANCE_RPC_L3,L1_CHAIN_ID,L3_PARENT_L2_RPC,MONITOR_RPC_L1,MONITOR_RPC_L2,MONITOR_RPC_L3	AUTH_DB_PATH,DATABASE_URL,GAS_ENGINE_DB_PASSWORD,NFT_DB_PATH,PIL_DB_PASSWORD,REDIS_URL	GRAFANA_ENABLED,GRAFANA_URL,L3_CHALLENGER_METRICS_HOST_PORT,L3_GETH_METRICS_HOST_PORT,L3_METRICS_BATCHER_HOST_PORT,L3_METRICS_NODE_HOST_PORT,L3_METRICS_PROPOSER_HOST_PORT,PROMETHEUS_ENABLED,PROMETHEUS_URL,PROM_URL
ghost-guard	docker-compose.phase3.yml,infra/opstack/docker-compose.yml	7070->7070/tcp	1	yes	RPC_L1,RPC_L2,RPC_L3	none	none
ghost-mapper	docker-compose.phase3.yml,docker-compose.autonomy.yml,services/ghost-mapper/docker-compose.yml	17780->7780/tcp	3	yes	none	none	none
ghost-pil	services/ghost-pil/docker-compose.yml,services/docker-compose.legacy.yml	3220->3220/tcp	3	yes	CLOCK_SYNC_RPC_L1,CLOCK_SYNC_RPC_L2,CLOCK_SYNC_RPC_L3,L1_CHAIN_ID,MONITOR_RPC_L1,MONITOR_RPC_L2,MONITOR_RPC_L3,GOVERNANCE_RPC_L1,GOVERNANCE_RPC_L2,GOVERNANCE_RPC_L3,L3_PARENT_L2_RPC	AUTH_DB_PATH,DATABASE_URL,GAS_ENGINE_DB_PASSWORD,NFT_DB_PATH,PIL_DB_PASSWORD	PROM_URL,GRAFANA_ENABLED,GRAFANA_URL,L3_CHALLENGER_METRICS_HOST_PORT,L3_GETH_METRICS_HOST_PORT,L3_METRICS_BATCHER_HOST_PORT,L3_METRICS_NODE_HOST_PORT,L3_METRICS_PROPOSER_HOST_PORT,PROMETHEUS_ENABLED,PROMETHEUS_URL
ghost-pil-worker	services/docker-compose.legacy.yml,services/ghost-pil-worker/docker-compose.yml	none	3	yes	CLOCK_SYNC_RPC_L1,CLOCK_SYNC_RPC_L2,CLOCK_SYNC_RPC_L3,GOVERNANCE_RPC_L1,GOVERNANCE_RPC_L2,GOVERNANCE_RPC_L3,L1_CHAIN_ID,L3_PARENT_L2_RPC,MONITOR_RPC_L1,MONITOR_RPC_L2,MONITOR_RPC_L3	AUTH_DB_PATH,DATABASE_URL,GAS_ENGINE_DB_PASSWORD,NFT_DB_PATH,PIL_DB_PASSWORD	GRAFANA_ENABLED,GRAFANA_URL,L3_CHALLENGER_METRICS_HOST_PORT,L3_GETH_METRICS_HOST_PORT,L3_METRICS_BATCHER_HOST_PORT,L3_METRICS_NODE_HOST_PORT,L3_METRICS_PROPOSER_HOST_PORT,PROMETHEUS_ENABLED,PROMETHEUS_URL,PROM_URL
ghost-registry	docker-compose.phase3.yml,docker-compose.autonomy.yml,infra/docker/compose/docker-compose.services.yml,services/docker-compose.legacy.yml,services/ghost-registry/docker-compose.yml	28088->8088/tcp;18088->8088/tcp	3	yes	RPC_L1,RPC_L2,RPC_L3,CLOCK_SYNC_RPC_L1,CLOCK_SYNC_RPC_L2,CLOCK_SYNC_RPC_L3,GOVERNANCE_RPC_L1,GOVERNANCE_RPC_L2,GOVERNANCE_RPC_L3,L1_CHAIN_ID,L3_PARENT_L2_RPC,MONITOR_RPC_L1,MONITOR_RPC_L2,MONITOR_RPC_L3	AUTH_DB_PATH,GAS_ENGINE_DB_PASSWORD,NFT_DB_PATH,PIL_DB_PASSWORD	GRAFANA_ENABLED,GRAFANA_URL,L3_CHALLENGER_METRICS_HOST_PORT,L3_GETH_METRICS_HOST_PORT,L3_METRICS_BATCHER_HOST_PORT,L3_METRICS_NODE_HOST_PORT,L3_METRICS_PROPOSER_HOST_PORT,PROMETHEUS_ENABLED,PROMETHEUS_URL,PROM_URL
ghost-relayer	infra/docker/compose/docker-compose.services.yml,services/ghost-relayer/docker-compose.yml,services/docker-compose.legacy.yml	7171->7171/tcp	4	yes	RPC_L1,RPC_L2,RPC_L3,CLOCK_SYNC_RPC_L1,CLOCK_SYNC_RPC_L2,CLOCK_SYNC_RPC_L3,GOVERNANCE_RPC_L1,GOVERNANCE_RPC_L2,GOVERNANCE_RPC_L3,L1_CHAIN_ID,L3_PARENT_L2_RPC,MONITOR_RPC_L1,MONITOR_RPC_L2,MONITOR_RPC_L3	AUTH_DB_PATH,GAS_ENGINE_DB_PASSWORD,NFT_DB_PATH,PIL_DB_PASSWORD	GRAFANA_ENABLED,GRAFANA_URL,L3_CHALLENGER_METRICS_HOST_PORT,L3_GETH_METRICS_HOST_PORT,L3_METRICS_BATCHER_HOST_PORT,L3_METRICS_NODE_HOST_PORT,L3_METRICS_PROPOSER_HOST_PORT,PROMETHEUS_ENABLED,PROMETHEUS_URL,PROM_URL
ghost-rollup-challenger	infra/docker/compose/docker-compose.services.yml,services/docker-compose.legacy.yml,services/ghost-rollup-challenger/docker-compose.yml	7282->7282/tcp	4	yes	CLOCK_SYNC_RPC_L1,CLOCK_SYNC_RPC_L2,CLOCK_SYNC_RPC_L3,GOVERNANCE_RPC_L1,GOVERNANCE_RPC_L2,GOVERNANCE_RPC_L3,L1_CHAIN_ID,L3_PARENT_L2_RPC,MONITOR_RPC_L1,MONITOR_RPC_L2,MONITOR_RPC_L3	AUTH_DB_PATH,GAS_ENGINE_DB_PASSWORD,NFT_DB_PATH,PIL_DB_PASSWORD	GRAFANA_ENABLED,GRAFANA_URL,L3_CHALLENGER_METRICS_HOST_PORT,L3_GETH_METRICS_HOST_PORT,L3_METRICS_BATCHER_HOST_PORT,L3_METRICS_NODE_HOST_PORT,L3_METRICS_PROPOSER_HOST_PORT,PROMETHEUS_ENABLED,PROMETHEUS_URL,PROM_URL
ghost-rollup-challenger-l2	services/docker-compose.legacy.yml	7283->7283/tcp	1	yes	CLOCK_SYNC_RPC_L1,CLOCK_SYNC_RPC_L2,CLOCK_SYNC_RPC_L3,GOVERNANCE_RPC_L1,GOVERNANCE_RPC_L2,GOVERNANCE_RPC_L3,L1_CHAIN_ID,L3_PARENT_L2_RPC,MONITOR_RPC_L1,MONITOR_RPC_L2,MONITOR_RPC_L3	AUTH_DB_PATH,GAS_ENGINE_DB_PASSWORD,NFT_DB_PATH,PIL_DB_PASSWORD	GRAFANA_ENABLED,GRAFANA_URL,L3_CHALLENGER_METRICS_HOST_PORT,L3_GETH_METRICS_HOST_PORT,L3_METRICS_BATCHER_HOST_PORT,L3_METRICS_NODE_HOST_PORT,L3_METRICS_PROPOSER_HOST_PORT,PROMETHEUS_ENABLED,PROMETHEUS_URL,PROM_URL
ghost-rollup-proposer	infra/docker/compose/docker-compose.services.yml,services/docker-compose.legacy.yml,services/ghost-rollup-proposer/docker-compose.yml	7272->7272/tcp	4	yes	CLOCK_SYNC_RPC_L1,CLOCK_SYNC_RPC_L2,CLOCK_SYNC_RPC_L3,GOVERNANCE_RPC_L1,GOVERNANCE_RPC_L2,GOVERNANCE_RPC_L3,L1_CHAIN_ID,L3_PARENT_L2_RPC,MONITOR_RPC_L1,MONITOR_RPC_L2,MONITOR_RPC_L3	AUTH_DB_PATH,GAS_ENGINE_DB_PASSWORD,NFT_DB_PATH,PIL_DB_PASSWORD	GRAFANA_ENABLED,GRAFANA_URL,L3_CHALLENGER_METRICS_HOST_PORT,L3_GETH_METRICS_HOST_PORT,L3_METRICS_BATCHER_HOST_PORT,L3_METRICS_NODE_HOST_PORT,L3_METRICS_PROPOSER_HOST_PORT,PROMETHEUS_ENABLED,PROMETHEUS_URL,PROM_URL
ghost-rollup-proposer-l2	services/docker-compose.legacy.yml	7273->7273/tcp	1	yes	CLOCK_SYNC_RPC_L1,CLOCK_SYNC_RPC_L2,CLOCK_SYNC_RPC_L3,GOVERNANCE_RPC_L1,GOVERNANCE_RPC_L2,GOVERNANCE_RPC_L3,L1_CHAIN_ID,L3_PARENT_L2_RPC,MONITOR_RPC_L1,MONITOR_RPC_L2,MONITOR_RPC_L3	AUTH_DB_PATH,GAS_ENGINE_DB_PASSWORD,NFT_DB_PATH,PIL_DB_PASSWORD	GRAFANA_ENABLED,GRAFANA_URL,L3_CHALLENGER_METRICS_HOST_PORT,L3_GETH_METRICS_HOST_PORT,L3_METRICS_BATCHER_HOST_PORT,L3_METRICS_NODE_HOST_PORT,L3_METRICS_PROPOSER_HOST_PORT,PROMETHEUS_ENABLED,PROMETHEUS_URL,PROM_URL
ghost-rpc-proxy	infra/docker/compose/docker-compose.services.yml,services/ghost-rpc-proxy/docker-compose.yml,services/docker-compose.legacy.yml	8546->8546/tcp	3	yes	CLOCK_SYNC_RPC_L1,CLOCK_SYNC_RPC_L2,CLOCK_SYNC_RPC_L3,L1_CHAIN_ID,MONITOR_RPC_L1,MONITOR_RPC_L2,MONITOR_RPC_L3,GOVERNANCE_RPC_L1,GOVERNANCE_RPC_L2,GOVERNANCE_RPC_L3,L3_PARENT_L2_RPC	AUTH_DB_PATH,GAS_ENGINE_DB_PASSWORD,NFT_DB_PATH,PIL_DB_PASSWORD	PROM_URL,GRAFANA_ENABLED,GRAFANA_URL,L3_CHALLENGER_METRICS_HOST_PORT,L3_GETH_METRICS_HOST_PORT,L3_METRICS_BATCHER_HOST_PORT,L3_METRICS_NODE_HOST_PORT,L3_METRICS_PROPOSER_HOST_PORT,PROMETHEUS_ENABLED,PROMETHEUS_URL
ghost-rpc-proxy-l1	infra/opstack/docker-compose.yml	none		yes	none	none	none
ghost-rpc-proxy-l2	infra/opstack/docker-compose.yml	none		yes	none	none	none
ghost-rpc-proxy-l3	infra/opstack/docker-compose.yml	none		no	none	none	none
ghost-ui	infra/docker/compose/docker-compose.services.yml	3200->3200/tcp		no	none	none	none
ghostchain-bootnode	infra/ghostchain/docker-compose.l1.yml	30301->30301/udp	1	no	CHAIN_ID	none	L1_METRICS_PORT
ghostchain-l1	infra/docker/liquidity-gravity/docker-compose.yml	18545->8545/tcp		yes	none	none	none
ghostchain-node1	infra/ghostchain/docker-compose.l1.yml,infra/ghostchain/docker-compose.ibft.yml	18546->8546/tcp,18552->8551/tcp,18551->30303/tcp,18660->6060/tcp;18545->8545/tcp,18546->8546/tcp,18551->30303/tcp,18660->6060/tcp	4	yes	CHAIN_ID	none	L1_METRICS_PORT
ghostchain-node2	infra/ghostchain/docker-compose.l1.yml,infra/ghostchain/docker-compose.ibft.yml	none	4	no	CHAIN_ID	none	L1_METRICS_PORT
ghostchain-node3	infra/ghostchain/docker-compose.ibft.yml	none	2	no	none	none	none
ghostchain-node4	infra/ghostchain/docker-compose.ibft.yml	none	2	no	none	none	none
ghostchain-rpc-proxy	infra/ghostchain/docker-compose.l1.yml	18545->8545/tcp		yes	CHAIN_ID	none	L1_METRICS_PORT
ghostcontrol-api	tools/ghostcontrol/infra/compose/docker-compose.yml	7401->8080/tcp		yes	L1_RPC,L2_RPC,L3_RPC	DATABASE_URL,REDIS_URL	none
ghostcontrol-db	tools/ghostcontrol/infra/compose/docker-compose.yml	none	1	no	none	POSTGRES_DB,POSTGRES_PASSWORD,POSTGRES_USER	none
ghostcontrol-ingest	tools/ghostcontrol/infra/compose/docker-compose.yml	none		no	L1_RPC,L2_RPC,L3_RPC	DATABASE_URL,REDIS_URL	none
ghostcontrol-planner	tools/ghostcontrol/infra/compose/docker-compose.yml	none		no	none	DATABASE_URL,REDIS_URL	none
ghostcontrol-policy	tools/ghostcontrol/infra/compose/docker-compose.yml	none		no	none	none	none
ghostcontrol-redis	tools/ghostcontrol/infra/compose/docker-compose.yml	none	1	no	none	none	none
ghostcontrol-runner	tools/ghostcontrol/infra/compose/docker-compose.yml	none	2	no	L1_RPC,L2_RPC,L3_RPC	REDIS_URL	none
ghostcontrol-ui	tools/ghostcontrol/infra/compose/docker-compose.yml	7400->3000/tcp		no	none	none	none
ghostl-api	docker-compose.dev.yml,apps/docker-compose.dev.yml	4000->4000/tcp	2	no	CHAIN_ID,CLOCK_SYNC_RPC_L1,CLOCK_SYNC_RPC_L2,CLOCK_SYNC_RPC_L3,GOVERNANCE_RPC_L1,GOVERNANCE_RPC_L2,GOVERNANCE_RPC_L3,L1_CHAIN_ID,L3_PARENT_L2_RPC,MONITOR_RPC_L1,MONITOR_RPC_L2,MONITOR_RPC_L3	AUTH_DB_PATH,GAS_ENGINE_DB_PASSWORD,NFT_DB_PATH,PIL_DB_PASSWORD,SQLITE_DB_PATH,TOKEN_DB_PATH,WALLET_DB_PATH	ALERTMANAGER_URL,GRAFANA_API_KEY,GRAFANA_ENABLED,GRAFANA_URL,L3_CHALLENGER_METRICS_HOST_PORT,L3_GETH_METRICS_HOST_PORT,L3_METRICS_BATCHER_HOST_PORT,L3_METRICS_NODE_HOST_PORT,L3_METRICS_PROPOSER_HOST_PORT,LOKI_URL,PROMETHEUS_ENABLED,PROMETHEUS_URL,PROM_FINALITY_LAG_QUERY,PROM_LATENCY_P50_QUERY,PROM_MISSED_BLOCKS_QUERY,PROM_PARTICIPATION_QUERY,PROM_PROPOSER_QUERY,PROM_URL
ghostl-web	docker-compose.dev.yml,apps/docker-compose.dev.yml	3200->3200/tcp	1	no	NEXT_PUBLIC_L1_CHAIN_ID,NEXT_PUBLIC_L1_RPC,NEXT_PUBLIC_L2_CHAIN_ID,NEXT_PUBLIC_L2_RPC,NEXT_PUBLIC_L3_CHAIN_ID,NEXT_PUBLIC_L3_RPC	none	NEXT_PUBLIC_PROMETHEUS_URL,NEXT_PUBLIC_PROM_PARTICIPATION_QUERY,NEXT_PUBLIC_PROM_PROPOSER_QUERY
ghostl-worker	apps/docker-compose.dev.yml	7310->7310/tcp	1	no	none	WORKER_REDIS_URL	none
ghostl-worker-redis	apps/docker-compose.dev.yml	none	1	yes	none	none	none
ghostscout-db	services/ghostscout-db/docker-compose.yml	none	5	yes	none	POSTGRES_DB,POSTGRES_PASSWORD,POSTGRES_USER	none
ghostscout-frontend-l1	services/ghostscout-frontend-l1/docker-compose.yml	18651->3000/tcp	3	yes	none	none	none
ghostscout-frontend-l2	services/ghostscout-frontend-l2/docker-compose.yml	18652->3000/tcp	3	yes	none	none	none
ghostscout-frontend-l3	services/ghostscout-frontend-l3/docker-compose.yml	18653->3000/tcp	3	yes	none	none	none
ghostscout-l1	services/ghostscout-l1/docker-compose.yml	18641->4000/tcp	3	yes	CHAIN_ID	DATABASE_URL	none
ghostscout-l2	services/ghostscout-l2/docker-compose.yml	18642->4000/tcp	5	yes	CHAIN_ID	DATABASE_URL	none
ghostscout-l3	services/ghostscout-l3/docker-compose.yml	18643->4000/tcp	5	yes	CHAIN_ID	DATABASE_URL	none
global-search-service	infra/docker/compose/docker-compose.services.yml,services/docker-compose.legacy.yml,services/global-search-service/docker-compose.yml	7637->7637/tcp	3	yes	CLOCK_SYNC_RPC_L1,CLOCK_SYNC_RPC_L2,CLOCK_SYNC_RPC_L3,GOVERNANCE_RPC_L1,GOVERNANCE_RPC_L2,GOVERNANCE_RPC_L3,L1_CHAIN_ID,L3_PARENT_L2_RPC,MONITOR_RPC_L1,MONITOR_RPC_L2,MONITOR_RPC_L3	AUTH_DB_PATH,GAS_ENGINE_DB_PASSWORD,NFT_DB_PATH,PIL_DB_PASSWORD	GRAFANA_ENABLED,GRAFANA_URL,L3_CHALLENGER_METRICS_HOST_PORT,L3_GETH_METRICS_HOST_PORT,L3_METRICS_BATCHER_HOST_PORT,L3_METRICS_NODE_HOST_PORT,L3_METRICS_PROPOSER_HOST_PORT,PROMETHEUS_ENABLED,PROMETHEUS_URL,PROM_URL
governance-service	docker-compose.agents.yml,services/governance-service/docker-compose.yml,infra/docker/compose/docker-compose.services.yml,services/docker-compose.legacy.yml	17645->7645/tcp	3	yes	RPC_L1,CLOCK_SYNC_RPC_L1,CLOCK_SYNC_RPC_L2,CLOCK_SYNC_RPC_L3,GOVERNANCE_RPC_L1,GOVERNANCE_RPC_L2,GOVERNANCE_RPC_L3,L1_CHAIN_ID,MONITOR_RPC_L1,MONITOR_RPC_L2,MONITOR_RPC_L3,POLICY_REGISTRY_CHAIN_ID,L3_PARENT_L2_RPC	AUTH_DB_PATH,GAS_ENGINE_DB_PASSWORD,NFT_DB_PATH,PIL_DB_PASSWORD	PROM_URL,GRAFANA_ENABLED,GRAFANA_URL,L3_CHALLENGER_METRICS_HOST_PORT,L3_GETH_METRICS_HOST_PORT,L3_METRICS_BATCHER_HOST_PORT,L3_METRICS_NODE_HOST_PORT,L3_METRICS_PROPOSER_HOST_PORT,PROMETHEUS_ENABLED,PROMETHEUS_URL
grafana	observability/infra/docker-compose.yml,infra/opstack/docker-compose.yml,infra/docker/compose/docker-compose.obs.yml,infra/docker/liquidity-gravity/docker-compose.yml	3000->3000/tcp	3	yes	none	none	PROMETHEUS_URL
hyper-ghost-supervisor	infra/opstack/docker-compose.yml	7077->7077/tcp	1	yes	none	HG_DB_MIGRATE,HG_DB_PATH,HG_DB_SEED_DEMO	none
key-rotation-service	infra/docker/compose/docker-compose.services.yml,services/docker-compose.legacy.yml,services/key-rotation-service/docker-compose.yml	7619->7619/tcp	3	yes	CLOCK_SYNC_RPC_L1,CLOCK_SYNC_RPC_L2,CLOCK_SYNC_RPC_L3,GOVERNANCE_RPC_L1,GOVERNANCE_RPC_L2,GOVERNANCE_RPC_L3,L1_CHAIN_ID,L3_PARENT_L2_RPC,MONITOR_RPC_L1,MONITOR_RPC_L2,MONITOR_RPC_L3	AUTH_DB_PATH,GAS_ENGINE_DB_PASSWORD,NFT_DB_PATH,PIL_DB_PASSWORD	PROM_URL,GRAFANA_ENABLED,GRAFANA_URL,L3_CHALLENGER_METRICS_HOST_PORT,L3_GETH_METRICS_HOST_PORT,L3_METRICS_BATCHER_HOST_PORT,L3_METRICS_NODE_HOST_PORT,L3_METRICS_PROPOSER_HOST_PORT,PROMETHEUS_ENABLED,PROMETHEUS_URL
l1-mainnet-geth	infra/opstack/docker-compose.mainnet-geth.yml	38545->8545/tcp,38546->8546/tcp,38551->8551/tcp,38660->6060/tcp	1	no	none	none	none
l1-rpc-proxy	infra/opstack/docker-compose.yml	none	1	yes	none	none	none
l2-geth	infra/opstack/docker-compose.yml	29547->8545/tcp,29548->8546/tcp,29606->6060/tcp	2	yes	none	none	none
liquidity-router	infra/docker/liquidity-gravity/docker-compose.yml	7607->7607/tcp	1	yes	CLOCK_SYNC_RPC_L1,CLOCK_SYNC_RPC_L2,CLOCK_SYNC_RPC_L3,GOVERNANCE_RPC_L1,GOVERNANCE_RPC_L2,GOVERNANCE_RPC_L3,L1_CHAIN_ID,L3_PARENT_L2_RPC,MONITOR_RPC_L1,MONITOR_RPC_L2,MONITOR_RPC_L3	AUTH_DB_PATH,GAS_ENGINE_DB_PASSWORD,NFT_DB_PATH,PIL_DB_PASSWORD	GRAFANA_ENABLED,GRAFANA_URL,L3_CHALLENGER_METRICS_HOST_PORT,L3_GETH_METRICS_HOST_PORT,L3_METRICS_BATCHER_HOST_PORT,L3_METRICS_NODE_HOST_PORT,L3_METRICS_PROPOSER_HOST_PORT,PROMETHEUS_ENABLED,PROMETHEUS_URL,PROM_URL
liquidity-service	docker-compose.phase3.yml,infra/docker/compose/docker-compose.services.yml,services/docker-compose.legacy.yml,services/liquidity-service/docker-compose.yml	7606->7606/tcp	3	yes	RPC_L2,RPC_L3,CLOCK_SYNC_RPC_L1,CLOCK_SYNC_RPC_L2,CLOCK_SYNC_RPC_L3,GOVERNANCE_RPC_L1,GOVERNANCE_RPC_L2,GOVERNANCE_RPC_L3,L1_CHAIN_ID,L3_PARENT_L2_RPC,MONITOR_RPC_L1,MONITOR_RPC_L2,MONITOR_RPC_L3	AUTH_DB_PATH,GAS_ENGINE_DB_PASSWORD,NFT_DB_PATH,PIL_DB_PASSWORD	PROM_URL,GRAFANA_ENABLED,GRAFANA_URL,L3_CHALLENGER_METRICS_HOST_PORT,L3_GETH_METRICS_HOST_PORT,L3_METRICS_BATCHER_HOST_PORT,L3_METRICS_NODE_HOST_PORT,L3_METRICS_PROPOSER_HOST_PORT,PROMETHEUS_ENABLED,PROMETHEUS_URL
loki	observability/infra/docker-compose.yml,infra/opstack/docker-compose.yml,infra/docker/compose/docker-compose.obs.yml	3100->3100/tcp	2	yes	none	none	none
mempool-service	infra/docker/compose/docker-compose.services.yml,services/mempool-service/docker-compose.yml,services/docker-compose.legacy.yml	7610->7610/tcp	3	yes	CLOCK_SYNC_RPC_L1,CLOCK_SYNC_RPC_L2,CLOCK_SYNC_RPC_L3,L1_CHAIN_ID,MONITOR_RPC_L1,MONITOR_RPC_L2,MONITOR_RPC_L3,GOVERNANCE_RPC_L1,GOVERNANCE_RPC_L2,GOVERNANCE_RPC_L3,L3_PARENT_L2_RPC	AUTH_DB_PATH,GAS_ENGINE_DB_PASSWORD,NFT_DB_PATH,PIL_DB_PASSWORD	PROM_URL,GRAFANA_ENABLED,GRAFANA_URL,L3_CHALLENGER_METRICS_HOST_PORT,L3_GETH_METRICS_HOST_PORT,L3_METRICS_BATCHER_HOST_PORT,L3_METRICS_NODE_HOST_PORT,L3_METRICS_PROPOSER_HOST_PORT,PROMETHEUS_ENABLED,PROMETHEUS_URL
migrate	apps/docker-compose.yml,infra/docker/compose/docker-compose.services.yml	none	1	no	none	DATABASE_URL,REDIS_URL	none
network-context-service	docker-compose.autonomy.yml,infra/docker/compose/docker-compose.services.yml,services/docker-compose.legacy.yml,services/network-context-service/docker-compose.yml	17633->7633/tcp	3	yes	RPC_L2,RPC_L3,CLOCK_SYNC_RPC_L1,CLOCK_SYNC_RPC_L2,CLOCK_SYNC_RPC_L3,GOVERNANCE_RPC_L1,GOVERNANCE_RPC_L2,GOVERNANCE_RPC_L3,L1_CHAIN_ID,L3_PARENT_L2_RPC,MONITOR_RPC_L1,MONITOR_RPC_L2,MONITOR_RPC_L3	AUTH_DB_PATH,GAS_ENGINE_DB_PASSWORD,NFT_DB_PATH,PIL_DB_PASSWORD	GRAFANA_ENABLED,GRAFANA_URL,L3_CHALLENGER_METRICS_HOST_PORT,L3_GETH_METRICS_HOST_PORT,L3_METRICS_BATCHER_HOST_PORT,L3_METRICS_NODE_HOST_PORT,L3_METRICS_PROPOSER_HOST_PORT,PROMETHEUS_ENABLED,PROMETHEUS_URL,PROM_URL
network-manager	infra/opstack/docker-compose.network-manager.yml	none	1	no	none	none	none
network-manager-service	docker-compose.autonomy.yml,infra/docker/compose/docker-compose.services.yml,services/network-manager-service/docker-compose.yml,services/docker-compose.legacy.yml	17766->7766/tcp	4	yes	GOVERNANCE_RPC_L1,MONITOR_RPC_L1,MONITOR_RPC_L2,MONITOR_RPC_L3,CLOCK_SYNC_RPC_L1,CLOCK_SYNC_RPC_L2,CLOCK_SYNC_RPC_L3,L1_CHAIN_ID,GOVERNANCE_RPC_L2,GOVERNANCE_RPC_L3,L3_PARENT_L2_RPC	AUTH_DB_PATH,GAS_ENGINE_DB_PASSWORD,NFT_DB_PATH,PIL_DB_PASSWORD	PROM_URL,GRAFANA_ENABLED,GRAFANA_URL,L3_CHALLENGER_METRICS_HOST_PORT,L3_GETH_METRICS_HOST_PORT,L3_METRICS_BATCHER_HOST_PORT,L3_METRICS_NODE_HOST_PORT,L3_METRICS_PROPOSER_HOST_PORT,PROMETHEUS_ENABLED,PROMETHEUS_URL
node-health-service	infra/docker/compose/docker-compose.services.yml,services/docker-compose.legacy.yml,services/node-health-service/docker-compose.yml	7613->7613/tcp	3	yes	RPC_L2,RPC_L3,CLOCK_SYNC_RPC_L1,CLOCK_SYNC_RPC_L2,CLOCK_SYNC_RPC_L3,GOVERNANCE_RPC_L1,GOVERNANCE_RPC_L2,GOVERNANCE_RPC_L3,L1_CHAIN_ID,L3_PARENT_L2_RPC,MONITOR_RPC_L1,MONITOR_RPC_L2,MONITOR_RPC_L3	AUTH_DB_PATH,GAS_ENGINE_DB_PASSWORD,NFT_DB_PATH,PIL_DB_PASSWORD	GRAFANA_ENABLED,GRAFANA_URL,L3_CHALLENGER_METRICS_HOST_PORT,L3_GETH_METRICS_HOST_PORT,L3_METRICS_BATCHER_HOST_PORT,L3_METRICS_NODE_HOST_PORT,L3_METRICS_PROPOSER_HOST_PORT,PROMETHEUS_ENABLED,PROMETHEUS_URL,PROM_URL
node-inventory-service	infra/docker/compose/docker-compose.services.yml,services/docker-compose.legacy.yml,services/node-inventory-service/docker-compose.yml	7622->7622/tcp	3	yes	CLOCK_SYNC_RPC_L1,CLOCK_SYNC_RPC_L2,CLOCK_SYNC_RPC_L3,GOVERNANCE_RPC_L1,GOVERNANCE_RPC_L2,GOVERNANCE_RPC_L3,L1_CHAIN_ID,L3_PARENT_L2_RPC,MONITOR_RPC_L1,MONITOR_RPC_L2,MONITOR_RPC_L3	AUTH_DB_PATH,GAS_ENGINE_DB_PASSWORD,NFT_DB_PATH,PIL_DB_PASSWORD	GRAFANA_ENABLED,GRAFANA_URL,L3_CHALLENGER_METRICS_HOST_PORT,L3_GETH_METRICS_HOST_PORT,L3_METRICS_BATCHER_HOST_PORT,L3_METRICS_NODE_HOST_PORT,L3_METRICS_PROPOSER_HOST_PORT,PROMETHEUS_ENABLED,PROMETHEUS_URL,PROM_URL
notifications-service	infra/docker/compose/docker-compose.services.yml,services/notifications-service/docker-compose.yml,services/docker-compose.legacy.yml	7638->7638/tcp	3	yes	CLOCK_SYNC_RPC_L1,CLOCK_SYNC_RPC_L2,CLOCK_SYNC_RPC_L3,L1_CHAIN_ID,MONITOR_RPC_L1,MONITOR_RPC_L2,MONITOR_RPC_L3,GOVERNANCE_RPC_L1,GOVERNANCE_RPC_L2,GOVERNANCE_RPC_L3,L3_PARENT_L2_RPC	AUTH_DB_PATH,GAS_ENGINE_DB_PASSWORD,NFT_DB_PATH,PIL_DB_PASSWORD	PROM_URL,GRAFANA_ENABLED,GRAFANA_URL,L3_CHALLENGER_METRICS_HOST_PORT,L3_GETH_METRICS_HOST_PORT,L3_METRICS_BATCHER_HOST_PORT,L3_METRICS_NODE_HOST_PORT,L3_METRICS_PROPOSER_HOST_PORT,PROMETHEUS_ENABLED,PROMETHEUS_URL
op-batcher	infra/opstack/docker-compose.yml	8551->8551/tcp,7301->7301/tcp	1	yes	none	none	none
op-gate	infra/opstack/docker-compose.yml	28546->8545/tcp	1	yes	none	none	none
op-gate-l1	infra/opstack/docker-compose.yml	28547->8545/tcp	1	yes	none	none	none
op-node	infra/opstack/docker-compose.yml	9546->9546/tcp,7300->7300/tcp	2	yes	none	none	none
op-proposer	infra/opstack/docker-compose.yml	8560->8560/tcp,7302->7302/tcp	1	yes	none	none	none
op-sequencer	infra/opstack/docker-compose.yml	9646->9646/tcp,7303->7303/tcp	2	yes	none	none	none
ops-agent	docker-compose.agents.yml	none		no	none	none	none
participation-service	infra/docker/compose/docker-compose.services.yml,services/docker-compose.legacy.yml,services/participation-service/docker-compose.yml	7603->7603/tcp	3	yes	CLOCK_SYNC_RPC_L1,CLOCK_SYNC_RPC_L2,CLOCK_SYNC_RPC_L3,GOVERNANCE_RPC_L1,GOVERNANCE_RPC_L2,GOVERNANCE_RPC_L3,L1_CHAIN_ID,L3_PARENT_L2_RPC,MONITOR_RPC_L1,MONITOR_RPC_L2,MONITOR_RPC_L3	AUTH_DB_PATH,GAS_ENGINE_DB_PASSWORD,NFT_DB_PATH,PIL_DB_PASSWORD	PROM_URL,GRAFANA_ENABLED,GRAFANA_URL,L3_CHALLENGER_METRICS_HOST_PORT,L3_GETH_METRICS_HOST_PORT,L3_METRICS_BATCHER_HOST_PORT,L3_METRICS_NODE_HOST_PORT,L3_METRICS_PROPOSER_HOST_PORT,PROMETHEUS_ENABLED,PROMETHEUS_URL
payout-service	infra/docker/compose/docker-compose.services.yml,services/payout-service/docker-compose.yml,services/docker-compose.legacy.yml	7629->7629/tcp	3	yes	CLOCK_SYNC_RPC_L1,CLOCK_SYNC_RPC_L2,CLOCK_SYNC_RPC_L3,L1_CHAIN_ID,MONITOR_RPC_L1,MONITOR_RPC_L2,MONITOR_RPC_L3,GOVERNANCE_RPC_L1,GOVERNANCE_RPC_L2,GOVERNANCE_RPC_L3,L3_PARENT_L2_RPC	AUTH_DB_PATH,GAS_ENGINE_DB_PASSWORD,NFT_DB_PATH,PIL_DB_PASSWORD	PROM_URL,GRAFANA_ENABLED,GRAFANA_URL,L3_CHALLENGER_METRICS_HOST_PORT,L3_GETH_METRICS_HOST_PORT,L3_METRICS_BATCHER_HOST_PORT,L3_METRICS_NODE_HOST_PORT,L3_METRICS_PROPOSER_HOST_PORT,PROMETHEUS_ENABLED,PROMETHEUS_URL
peer-graph-service	infra/docker/compose/docker-compose.services.yml,services/peer-graph-service/docker-compose.yml,services/docker-compose.legacy.yml	7636->7636/tcp	3	yes	RPC_L2,RPC_L3,CLOCK_SYNC_RPC_L1,CLOCK_SYNC_RPC_L2,CLOCK_SYNC_RPC_L3,L1_CHAIN_ID,MONITOR_RPC_L1,MONITOR_RPC_L2,MONITOR_RPC_L3,GOVERNANCE_RPC_L1,GOVERNANCE_RPC_L2,GOVERNANCE_RPC_L3,L3_PARENT_L2_RPC	AUTH_DB_PATH,GAS_ENGINE_DB_PASSWORD,NFT_DB_PATH,PIL_DB_PASSWORD	PROM_URL,GRAFANA_ENABLED,GRAFANA_URL,L3_CHALLENGER_METRICS_HOST_PORT,L3_GETH_METRICS_HOST_PORT,L3_METRICS_BATCHER_HOST_PORT,L3_METRICS_NODE_HOST_PORT,L3_METRICS_PROPOSER_HOST_PORT,PROMETHEUS_ENABLED,PROMETHEUS_URL
pil-migrate	services/docker-compose.legacy.yml,services/pil-migrate/docker-compose.yml	none	4	yes	none	DATABASE_URL	none
pil-postgres	services/pil-postgres/docker-compose.yml,services/docker-compose.legacy.yml	5434->5432/tcp	3	yes	none	POSTGRES_DB,POSTGRES_PASSWORD,POSTGRES_USER	none
planner-agent	docker-compose.agents.yml	none		no	none	none	none
postgres	apps/docker-compose.yml,infra/docker/compose/docker-compose.services.yml	5432->5432/tcp	1	yes	none	POSTGRES_DB,POSTGRES_PASSWORD,POSTGRES_USER	none
preconfirm-l2-service	services/docker-compose.legacy.yml	7691->7691/tcp		yes	CLOCK_SYNC_RPC_L1,CLOCK_SYNC_RPC_L2,CLOCK_SYNC_RPC_L3,GOVERNANCE_RPC_L1,GOVERNANCE_RPC_L2,GOVERNANCE_RPC_L3,L1_CHAIN_ID,L3_PARENT_L2_RPC,MONITOR_RPC_L1,MONITOR_RPC_L2,MONITOR_RPC_L3	AUTH_DB_PATH,GAS_ENGINE_DB_PASSWORD,NFT_DB_PATH,PIL_DB_PASSWORD	GRAFANA_ENABLED,GRAFANA_URL,L3_CHALLENGER_METRICS_HOST_PORT,L3_GETH_METRICS_HOST_PORT,L3_METRICS_BATCHER_HOST_PORT,L3_METRICS_NODE_HOST_PORT,L3_METRICS_PROPOSER_HOST_PORT,PROMETHEUS_ENABLED,PROMETHEUS_URL,PROM_URL
preconfirm-l3-service	services/docker-compose.legacy.yml	7692->7692/tcp		yes	CLOCK_SYNC_RPC_L1,CLOCK_SYNC_RPC_L2,CLOCK_SYNC_RPC_L3,GOVERNANCE_RPC_L1,GOVERNANCE_RPC_L2,GOVERNANCE_RPC_L3,L1_CHAIN_ID,L3_PARENT_L2_RPC,MONITOR_RPC_L1,MONITOR_RPC_L2,MONITOR_RPC_L3	AUTH_DB_PATH,GAS_ENGINE_DB_PASSWORD,NFT_DB_PATH,PIL_DB_PASSWORD	GRAFANA_ENABLED,GRAFANA_URL,L3_CHALLENGER_METRICS_HOST_PORT,L3_GETH_METRICS_HOST_PORT,L3_METRICS_BATCHER_HOST_PORT,L3_METRICS_NODE_HOST_PORT,L3_METRICS_PROPOSER_HOST_PORT,PROMETHEUS_ENABLED,PROMETHEUS_URL,PROM_URL
preconfirm-service	services/preconfirm-service/docker-compose.yml	7691->7691/tcp		yes	none	none	none
prometheus	observability/infra/docker-compose.yml,infra/opstack/docker-compose.yml,infra/docker/compose/docker-compose.obs.yml,infra/docker/liquidity-gravity/docker-compose.yml	9090->9090/tcp;9091->9090/tcp	3	yes	none	none	none
proxy-inspector-service	infra/docker/compose/docker-compose.services.yml,services/docker-compose.legacy.yml,services/proxy-inspector-service/docker-compose.yml	7631->7631/tcp	3	yes	CLOCK_SYNC_RPC_L1,CLOCK_SYNC_RPC_L2,CLOCK_SYNC_RPC_L3,GOVERNANCE_RPC_L1,GOVERNANCE_RPC_L2,GOVERNANCE_RPC_L3,L1_CHAIN_ID,L3_PARENT_L2_RPC,MONITOR_RPC_L1,MONITOR_RPC_L2,MONITOR_RPC_L3	AUTH_DB_PATH,GAS_ENGINE_DB_PASSWORD,NFT_DB_PATH,PIL_DB_PASSWORD	PROM_URL,GRAFANA_ENABLED,GRAFANA_URL,L3_CHALLENGER_METRICS_HOST_PORT,L3_GETH_METRICS_HOST_PORT,L3_METRICS_BATCHER_HOST_PORT,L3_METRICS_NODE_HOST_PORT,L3_METRICS_PROPOSER_HOST_PORT,PROMETHEUS_ENABLED,PROMETHEUS_URL
rbac-service	infra/docker/compose/docker-compose.services.yml,services/rbac-service/docker-compose.yml,services/docker-compose.legacy.yml	7640->7640/tcp	3	yes	CLOCK_SYNC_RPC_L1,CLOCK_SYNC_RPC_L2,CLOCK_SYNC_RPC_L3,L1_CHAIN_ID,MONITOR_RPC_L1,MONITOR_RPC_L2,MONITOR_RPC_L3,GOVERNANCE_RPC_L1,GOVERNANCE_RPC_L2,GOVERNANCE_RPC_L3,L3_PARENT_L2_RPC	AUTH_DB_PATH,GAS_ENGINE_DB_PASSWORD,NFT_DB_PATH,PIL_DB_PASSWORD	PROM_URL,GRAFANA_ENABLED,GRAFANA_URL,L3_CHALLENGER_METRICS_HOST_PORT,L3_GETH_METRICS_HOST_PORT,L3_METRICS_BATCHER_HOST_PORT,L3_METRICS_NODE_HOST_PORT,L3_METRICS_PROPOSER_HOST_PORT,PROMETHEUS_ENABLED,PROMETHEUS_URL
redis	apps/docker-compose.yml,infra/docker/compose/docker-compose.services.yml	6379->6379/tcp	1	yes	none	none	none
rewards-service	services/rewards-service/docker-compose.yml,infra/docker/compose/docker-compose.services.yml,services/docker-compose.legacy.yml	7602->7602/tcp	3	yes	CLOCK_SYNC_RPC_L1,CLOCK_SYNC_RPC_L2,CLOCK_SYNC_RPC_L3,L1_CHAIN_ID,MONITOR_RPC_L1,MONITOR_RPC_L2,MONITOR_RPC_L3,GOVERNANCE_RPC_L1,GOVERNANCE_RPC_L2,GOVERNANCE_RPC_L3,L3_PARENT_L2_RPC	AUTH_DB_PATH,GAS_ENGINE_DB_PASSWORD,NFT_DB_PATH,PIL_DB_PASSWORD	PROM_URL,GRAFANA_ENABLED,GRAFANA_URL,L3_CHALLENGER_METRICS_HOST_PORT,L3_GETH_METRICS_HOST_PORT,L3_METRICS_BATCHER_HOST_PORT,L3_METRICS_NODE_HOST_PORT,L3_METRICS_PROPOSER_HOST_PORT,PROMETHEUS_ENABLED,PROMETHEUS_URL
router-agent	docker-compose.agents.yml	none		no	none	none	none
rpc-forward-l1-29545	infra/docker/compose/docker-compose.services.yml,services/rpc-forward-l1-29545/docker-compose.yml,services/docker-compose.legacy.yml	29545->29545/tcp	3	yes	none	none	none
rpc-forward-l2-18547	infra/opstack/docker-compose.yml	18547->18547/tcp		no	none	none	none
secrets-health-service	infra/docker/compose/docker-compose.services.yml,services/docker-compose.legacy.yml,services/secrets-health-service/docker-compose.yml	7618->7618/tcp	3	yes	CLOCK_SYNC_RPC_L1,CLOCK_SYNC_RPC_L2,CLOCK_SYNC_RPC_L3,GOVERNANCE_RPC_L1,GOVERNANCE_RPC_L2,GOVERNANCE_RPC_L3,L1_CHAIN_ID,L3_PARENT_L2_RPC,MONITOR_RPC_L1,MONITOR_RPC_L2,MONITOR_RPC_L3,POLICY_REGISTRY_CHAIN_ID	AUTH_DB_PATH,GAS_ENGINE_DB_PASSWORD,NFT_DB_PATH,PIL_DB_PASSWORD	PROM_URL,GRAFANA_ENABLED,GRAFANA_URL,L3_CHALLENGER_METRICS_HOST_PORT,L3_GETH_METRICS_HOST_PORT,L3_METRICS_BATCHER_HOST_PORT,L3_METRICS_NODE_HOST_PORT,L3_METRICS_PROPOSER_HOST_PORT,PROMETHEUS_ENABLED,PROMETHEUS_URL
session-service	infra/docker/compose/docker-compose.services.yml,services/session-service/docker-compose.yml,services/docker-compose.legacy.yml	7643->7643/tcp	3	yes	CLOCK_SYNC_RPC_L1,CLOCK_SYNC_RPC_L2,CLOCK_SYNC_RPC_L3,L1_CHAIN_ID,MONITOR_RPC_L1,MONITOR_RPC_L2,MONITOR_RPC_L3,GOVERNANCE_RPC_L1,GOVERNANCE_RPC_L2,GOVERNANCE_RPC_L3,L3_PARENT_L2_RPC	AUTH_DB_PATH,GAS_ENGINE_DB_PASSWORD,NFT_DB_PATH,PIL_DB_PASSWORD	PROM_URL,GRAFANA_ENABLED,GRAFANA_URL,L3_CHALLENGER_METRICS_HOST_PORT,L3_GETH_METRICS_HOST_PORT,L3_METRICS_BATCHER_HOST_PORT,L3_METRICS_NODE_HOST_PORT,L3_METRICS_PROPOSER_HOST_PORT,PROMETHEUS_ENABLED,PROMETHEUS_URL
slashing-detection-service	infra/docker/compose/docker-compose.services.yml,services/docker-compose.legacy.yml,services/slashing-detection-service/docker-compose.yml	7620->7620/tcp	3	yes	CLOCK_SYNC_RPC_L1,CLOCK_SYNC_RPC_L2,CLOCK_SYNC_RPC_L3,GOVERNANCE_RPC_L1,GOVERNANCE_RPC_L2,GOVERNANCE_RPC_L3,L1_CHAIN_ID,L3_PARENT_L2_RPC,MONITOR_RPC_L1,MONITOR_RPC_L2,MONITOR_RPC_L3	AUTH_DB_PATH,GAS_ENGINE_DB_PASSWORD,NFT_DB_PATH,PIL_DB_PASSWORD	PROM_URL,GRAFANA_ENABLED,GRAFANA_URL,L3_CHALLENGER_METRICS_HOST_PORT,L3_GETH_METRICS_HOST_PORT,L3_METRICS_BATCHER_HOST_PORT,L3_METRICS_NODE_HOST_PORT,L3_METRICS_PROPOSER_HOST_PORT,PROMETHEUS_ENABLED,PROMETHEUS_URL
snapshot-service	infra/docker/compose/docker-compose.services.yml,services/docker-compose.legacy.yml,services/snapshot-service/docker-compose.yml	7624->7624/tcp	3	yes	CLOCK_SYNC_RPC_L1,CLOCK_SYNC_RPC_L2,CLOCK_SYNC_RPC_L3,GOVERNANCE_RPC_L1,GOVERNANCE_RPC_L2,GOVERNANCE_RPC_L3,L1_CHAIN_ID,L3_PARENT_L2_RPC,MONITOR_RPC_L1,MONITOR_RPC_L2,MONITOR_RPC_L3	AUTH_DB_PATH,GAS_ENGINE_DB_PASSWORD,NFT_DB_PATH,PIL_DB_PASSWORD	GRAFANA_ENABLED,GRAFANA_URL,L3_CHALLENGER_METRICS_HOST_PORT,L3_GETH_METRICS_HOST_PORT,L3_METRICS_BATCHER_HOST_PORT,L3_METRICS_NODE_HOST_PORT,L3_METRICS_PROPOSER_HOST_PORT,PROMETHEUS_ENABLED,PROMETHEUS_URL,PROM_URL
staking-service	infra/docker/compose/docker-compose.services.yml,services/docker-compose.legacy.yml,services/staking-service/docker-compose.yml	7601->7601/tcp	3	yes	CLOCK_SYNC_RPC_L1,CLOCK_SYNC_RPC_L2,CLOCK_SYNC_RPC_L3,GOVERNANCE_RPC_L1,GOVERNANCE_RPC_L2,GOVERNANCE_RPC_L3,L1_CHAIN_ID,L3_PARENT_L2_RPC,MONITOR_RPC_L1,MONITOR_RPC_L2,MONITOR_RPC_L3	AUTH_DB_PATH,GAS_ENGINE_DB_PASSWORD,NFT_DB_PATH,PIL_DB_PASSWORD	PROM_URL,GRAFANA_ENABLED,GRAFANA_URL,L3_CHALLENGER_METRICS_HOST_PORT,L3_GETH_METRICS_HOST_PORT,L3_METRICS_BATCHER_HOST_PORT,L3_METRICS_NODE_HOST_PORT,L3_METRICS_PROPOSER_HOST_PORT,PROMETHEUS_ENABLED,PROMETHEUS_URL
supply-service	infra/docker/compose/docker-compose.services.yml,services/supply-service/docker-compose.yml,services/docker-compose.legacy.yml	7614->7614/tcp	3	yes	CLOCK_SYNC_RPC_L1,CLOCK_SYNC_RPC_L2,CLOCK_SYNC_RPC_L3,L1_CHAIN_ID,MONITOR_RPC_L1,MONITOR_RPC_L2,MONITOR_RPC_L3,GOVERNANCE_RPC_L1,GOVERNANCE_RPC_L2,GOVERNANCE_RPC_L3,L3_PARENT_L2_RPC	AUTH_DB_PATH,GAS_ENGINE_DB_PASSWORD,NFT_DB_PATH,PIL_DB_PASSWORD	PROM_URL,GRAFANA_ENABLED,GRAFANA_URL,L3_CHALLENGER_METRICS_HOST_PORT,L3_GETH_METRICS_HOST_PORT,L3_METRICS_BATCHER_HOST_PORT,L3_METRICS_NODE_HOST_PORT,L3_METRICS_PROPOSER_HOST_PORT,PROMETHEUS_ENABLED,PROMETHEUS_URL
theme-service	infra/docker/compose/docker-compose.services.yml,services/theme-service/docker-compose.yml,services/docker-compose.legacy.yml	7634->7634/tcp	3	yes	CLOCK_SYNC_RPC_L1,CLOCK_SYNC_RPC_L2,CLOCK_SYNC_RPC_L3,L1_CHAIN_ID,MONITOR_RPC_L1,MONITOR_RPC_L2,MONITOR_RPC_L3,GOVERNANCE_RPC_L1,GOVERNANCE_RPC_L2,GOVERNANCE_RPC_L3,L3_PARENT_L2_RPC	AUTH_DB_PATH,GAS_ENGINE_DB_PASSWORD,NFT_DB_PATH,PIL_DB_PASSWORD	PROM_URL,GRAFANA_ENABLED,GRAFANA_URL,L3_CHALLENGER_METRICS_HOST_PORT,L3_GETH_METRICS_HOST_PORT,L3_METRICS_BATCHER_HOST_PORT,L3_METRICS_NODE_HOST_PORT,L3_METRICS_PROPOSER_HOST_PORT,PROMETHEUS_ENABLED,PROMETHEUS_URL
transfer-lifecycle-service	infra/docker/compose/docker-compose.services.yml,services/docker-compose.legacy.yml,services/transfer-lifecycle-service/docker-compose.yml	7605->7605/tcp	3	yes	CLOCK_SYNC_RPC_L1,CLOCK_SYNC_RPC_L2,CLOCK_SYNC_RPC_L3,GOVERNANCE_RPC_L1,GOVERNANCE_RPC_L2,GOVERNANCE_RPC_L3,L1_CHAIN_ID,L3_PARENT_L2_RPC,MONITOR_RPC_L1,MONITOR_RPC_L2,MONITOR_RPC_L3	AUTH_DB_PATH,GAS_ENGINE_DB_PASSWORD,NFT_DB_PATH,PIL_DB_PASSWORD	PROM_URL,GRAFANA_ENABLED,GRAFANA_URL,L3_CHALLENGER_METRICS_HOST_PORT,L3_GETH_METRICS_HOST_PORT,L3_METRICS_BATCHER_HOST_PORT,L3_METRICS_NODE_HOST_PORT,L3_METRICS_PROPOSER_HOST_PORT,PROMETHEUS_ENABLED,PROMETHEUS_URL
treasury-ai	services/treasury-ai/docker-compose.yml	7630->7630/tcp	1	yes	none	none	none
treasury-evidence	services/treasury-evidence/docker-compose.yml	none	1	no	RPC_L1	none	none
treasury-service	infra/docker/compose/docker-compose.services.yml,services/treasury-service/docker-compose.yml,services/docker-compose.legacy.yml	7628->7628/tcp	3	yes	CLOCK_SYNC_RPC_L1,CLOCK_SYNC_RPC_L2,CLOCK_SYNC_RPC_L3,L1_CHAIN_ID,MONITOR_RPC_L1,MONITOR_RPC_L2,MONITOR_RPC_L3,GOVERNANCE_RPC_L1,GOVERNANCE_RPC_L2,GOVERNANCE_RPC_L3,L3_PARENT_L2_RPC	AUTH_DB_PATH,GAS_ENGINE_DB_PASSWORD,NFT_DB_PATH,PIL_DB_PASSWORD	PROM_URL,GRAFANA_ENABLED,GRAFANA_URL,L3_CHALLENGER_METRICS_HOST_PORT,L3_GETH_METRICS_HOST_PORT,L3_METRICS_BATCHER_HOST_PORT,L3_METRICS_NODE_HOST_PORT,L3_METRICS_PROPOSER_HOST_PORT,PROMETHEUS_ENABLED,PROMETHEUS_URL
tx-index-service	infra/docker/compose/docker-compose.services.yml,services/tx-index-service/docker-compose.yml,services/docker-compose.legacy.yml	7625->7625/tcp	3	yes	CLOCK_SYNC_RPC_L1,CLOCK_SYNC_RPC_L2,CLOCK_SYNC_RPC_L3,L1_CHAIN_ID,MONITOR_RPC_L1,MONITOR_RPC_L2,MONITOR_RPC_L3,GOVERNANCE_RPC_L1,GOVERNANCE_RPC_L2,GOVERNANCE_RPC_L3,L3_PARENT_L2_RPC	AUTH_DB_PATH,GAS_ENGINE_DB_PASSWORD,NFT_DB_PATH,PIL_DB_PASSWORD	PROM_URL,GRAFANA_ENABLED,GRAFANA_URL,L3_CHALLENGER_METRICS_HOST_PORT,L3_GETH_METRICS_HOST_PORT,L3_METRICS_BATCHER_HOST_PORT,L3_METRICS_NODE_HOST_PORT,L3_METRICS_PROPOSER_HOST_PORT,PROMETHEUS_ENABLED,PROMETHEUS_URL
upgrade-orchestrator-service	infra/docker/compose/docker-compose.services.yml,services/upgrade-orchestrator-service/docker-compose.yml,services/docker-compose.legacy.yml	7623->7623/tcp	3	yes	CLOCK_SYNC_RPC_L1,CLOCK_SYNC_RPC_L2,CLOCK_SYNC_RPC_L3,L1_CHAIN_ID,MONITOR_RPC_L1,MONITOR_RPC_L2,MONITOR_RPC_L3,GOVERNANCE_RPC_L1,GOVERNANCE_RPC_L2,GOVERNANCE_RPC_L3,L3_PARENT_L2_RPC	AUTH_DB_PATH,GAS_ENGINE_DB_PASSWORD,NFT_DB_PATH,PIL_DB_PASSWORD	PROM_URL,GRAFANA_ENABLED,GRAFANA_URL,L3_CHALLENGER_METRICS_HOST_PORT,L3_GETH_METRICS_HOST_PORT,L3_METRICS_BATCHER_HOST_PORT,L3_METRICS_NODE_HOST_PORT,L3_METRICS_PROPOSER_HOST_PORT,PROMETHEUS_ENABLED,PROMETHEUS_URL
validator-service	infra/docker/compose/docker-compose.services.yml,services/docker-compose.legacy.yml,services/validator-service/docker-compose.yml	7600->7600/tcp	3	yes	RPC_L2,RPC_L3,CLOCK_SYNC_RPC_L1,CLOCK_SYNC_RPC_L2,CLOCK_SYNC_RPC_L3,GOVERNANCE_RPC_L1,GOVERNANCE_RPC_L2,GOVERNANCE_RPC_L3,L1_CHAIN_ID,L3_PARENT_L2_RPC,MONITOR_RPC_L1,MONITOR_RPC_L2,MONITOR_RPC_L3	AUTH_DB_PATH,GAS_ENGINE_DB_PASSWORD,NFT_DB_PATH,PIL_DB_PASSWORD	PROM_URL,GRAFANA_ENABLED,GRAFANA_URL,L3_CHALLENGER_METRICS_HOST_PORT,L3_GETH_METRICS_HOST_PORT,L3_METRICS_BATCHER_HOST_PORT,L3_METRICS_NODE_HOST_PORT,L3_METRICS_PROPOSER_HOST_PORT,PROMETHEUS_ENABLED,PROMETHEUS_URL
vault	infra/docker/liquidity-gravity/docker-compose.yml	8200->8200/tcp		yes	none	none	none
vector	infra/opstack/docker-compose.yml,infra/docker/compose/docker-compose.obs.yml	none	3	no	none	none	none
verification-service	infra/docker/compose/docker-compose.services.yml,services/docker-compose.legacy.yml,services/verification-service/docker-compose.yml	7630->7630/tcp	3	yes	CLOCK_SYNC_RPC_L1,CLOCK_SYNC_RPC_L2,CLOCK_SYNC_RPC_L3,GOVERNANCE_RPC_L1,GOVERNANCE_RPC_L2,GOVERNANCE_RPC_L3,L1_CHAIN_ID,L3_PARENT_L2_RPC,MONITOR_RPC_L1,MONITOR_RPC_L2,MONITOR_RPC_L3	AUTH_DB_PATH,GAS_ENGINE_DB_PASSWORD,NFT_DB_PATH,PIL_DB_PASSWORD	GRAFANA_ENABLED,GRAFANA_URL,L3_CHALLENGER_METRICS_HOST_PORT,L3_GETH_METRICS_HOST_PORT,L3_METRICS_BATCHER_HOST_PORT,L3_METRICS_NODE_HOST_PORT,L3_METRICS_PROPOSER_HOST_PORT,PROMETHEUS_ENABLED,PROMETHEUS_URL,PROM_URL
watchdog-agent	docker-compose.agents.yml	none		no	none	none	none
